Workbook

Sheet Business Inputs
A1: SaaS MRR notes
A2: Business Inputs | D2: This month
A3: Starting Customers | B3: 180 | D3: Starting MRR | E3: =B5 -> 15300
A4: Starting ARPA | B4: 85 | D4: Ending MRR | E4: ='Monthly MRR Bridge'!K14 -> 25032.338
A5: Starting MRR | B5: =B3*B4 -> 15300 | D5: Ending ARR | E5: ='Monthly MRR Bridge'!K14*12 -> 300388.05
A6: Monthly New Customers | B6: ='Acquisition & Unit Economics'!B7 -> 14 | D6: Month 12 gross profit | E6: ='Monthly MRR Bridge'!M14 -> 20526.517
A7: Monthly Logo Churn | B7: 0.025 | D7: Month 12 operating margin | E7: ='Monthly MRR Bridge'!N14 -> -45473.483
A8: Monthly Expansion MRR Rate | B8: 0.01 | D8: CAC payback months | E8: ='Acquisition & Unit Economics'!B13 -> 18.446403
A9: Monthly Contraction MRR Rate | B9: 0.004
A10: Gross Margin | B10: 0.82
A11: Fixed Monthly OpEx | B11: 48000
A12: Planning Horizon (months) | B12: 12

Sheet Monthly MRR Bridge
A1: Monthly MRR Bridge
A2: Month | B2: Start Customers | C2: New Customers | D2: Churned Customers | E2: End Customers | F2: Start MRR | G2: New MRR | H2: Expansion MRR | I2: Contraction MRR | J2: Churn MRR | K2: End MRR | L2: ARPA | M2: Gross Profit | N2: Operating Margin $ | P2: Bridge recap
A3: Jan | B3: ='Business Inputs'!$B$3 -> 180 | C3: ='Business Inputs'!$B$6 -> 14 | D3: =ROUND(B3*'Business Inputs'!$B$7,0) -> 5 | E3: =B3+C3-D3 -> 189 | F3: ='Business Inputs'!$B$5 -> 15300 | G3: =C3*'Business Inputs'!$B$4 -> 1190 | H3: =F3*'Business Inputs'!$B$8 -> 153 | I3: =F3*'Business Inputs'!$B$9*-1 -> -61.2 | J3: =F3*'Business Inputs'!$B$7*-1 -> -382.5 | K3: =F3+G3+H3+I3+J3 -> 16199.3 | L3: =IF(E3=0,0,K3/E3) -> 85.710582 | M3: =K3*'Business Inputs'!$B$10 -> 13283.426 | N3: =M3-'Business Inputs'!$B$11-'Acquisition & Unit Economics'!$B$6 -> -52716.574 | P3: Ending MRR | Q3: =K14 -> 25032.338
A4: Feb | B4: =E3 -> 189 | C4: ='Business Inputs'!$B$6 -> 14 | D4: =ROUND(B4*'Business Inputs'!$B$7,0) -> 5 | E4: =B4+C4-D4 -> 198 | F4: =K3 -> 16199.3 | G4: =C4*'Business Inputs'!$B$4 -> 1190 | H4: =F4*'Business Inputs'!$B$8 -> 161.993 | I4: =F4*'Business Inputs'!$B$9*-1 -> -64.7972 | J4: =F4*'Business Inputs'!$B$7*-1 -> -404.9825 | K4: =F4+G4+H4+I4+J4 -> 17081.513 | L4: =IF(E4=0,0,K4/E4) -> 86.270269 | M4: =K4*'Business Inputs'!$B$10 -> 14006.841 | N4: =M4-'Business Inputs'!$B$11-'Acquisition & Unit Economics'!$B$6 -> -51993.159 | P4: Net new MRR | Q4: =K14-'Business Inputs'!B5 -> 9732.3377
A5: Mar | B5: =E4 -> 198 | C5: ='Business Inputs'!$B$6 -> 14 | D5: =ROUND(B5*'Business Inputs'!$B$7,0) -> 5 | E5: =B5+C5-D5 -> 207 | F5: =K4 -> 17081.513 | G5: =C5*'Business Inputs'!$B$4 -> 1190 | H5: =F5*'Business Inputs'!$B$8 -> 170.81513 | I5: =F5*'Business Inputs'!$B$9*-1 -> -68.326053 | J5: =F5*'Business Inputs'!$B$7*-1 -> -427.03783 | K5: =F5+G5+H5+I5+J5 -> 17946.965 | L5: =IF(E5=0,0,K5/E5) -> 86.700312 | M5: =K5*'Business Inputs'!$B$10 -> 14716.511 | N5: =M5-'Business Inputs'!$B$11-'Acquisition & Unit Economics'!$B$6 -> -51283.489 | P5: Avg monthly gross profit | Q5: =AVERAGE(M3:M14) -> 17020.671
A6: Apr | B6: =E5 -> 207 | C6: ='Business Inputs'!$B$6 -> 14 | D6: =ROUND(B6*'Business Inputs'!$B$7,0) -> 5 | E6: =B6+C6-D6 -> 216 | F6: =K5 -> 17946.965 | G6: =C6*'Business Inputs'!$B$4 -> 1190 | H6: =F6*'Business Inputs'!$B$8 -> 179.46965 | I6: =F6*'Business Inputs'!$B$9*-1 -> -71.787858 | J6: =F6*'Business Inputs'!$B$7*-1 -> -448.67411 | K6: =F6+G6+H6+I6+J6 -> 18795.972 | L6: =IF(E6=0,0,K6/E6) -> 87.01839 | M6: =K6*'Business Inputs'!$B$10 -> 15412.697 | N6: =M6-'Business Inputs'!$B$11-'Acquisition & Unit Economics'!$B$6 -> -50587.303
A7: May | B7: =E6 -> 216 | C7: ='Business Inputs'!$B$6 -> 14 | D7: =ROUND(B7*'Business Inputs'!$B$7,0) -> 5 | E7: =B7+C7-D7 -> 225 | F7: =K6 -> 18795.972 | G7: =C7*'Business Inputs'!$B$4 -> 1190 | H7: =F7*'Business Inputs'!$B$8 -> 187.95972 | I7: =F7*'Business Inputs'!$B$9*-1 -> -75.183889 | J7: =F7*'Business Inputs'!$B$7*-1 -> -469.89931 | K7: =F7+G7+H7+I7+J7 -> 19628.849 | L7: =IF(E7=0,0,K7/E7) -> 87.239328 | M7: =K7*'Business Inputs'!$B$10 -> 16095.656 | N7: =M7-'Business Inputs'!$B$11-'Acquisition & Unit Economics'!$B$6 -> -49904.344
A8: Jun | B8: =E7 -> 225 | C8: ='Business Inputs'!$B$6 -> 14 | D8: =ROUND(B8*'Business Inputs'!$B$7,0) -> 6 | E8: =B8+C8-D8 -> 233 | F8: =K7 -> 19628.849 | G8: =C8*'Business Inputs'!$B$4 -> 1190 | H8: =F8*'Business Inputs'!$B$8 -> 196.28849 | I8: =F8*'Business Inputs'!$B$9*-1 -> -78.515395 | J8: =F8*'Business Inputs'!$B$7*-1 -> -490.72122 | K8: =F8+G8+H8+I8+J8 -> 20445.901 | L8: =IF(E8=0,0,K8/E8) -> 87.750646 | M8: =K8*'Business Inputs'!$B$10 -> 16765.639 | N8: =M8-'Business Inputs'!$B$11-'Acquisition & Unit Economics'!$B$6 -> -49234.361
A9: Jul | B9: =E8 -> 233 | C9: ='Business Inputs'!$B$6 -> 14 | D9: =ROUND(B9*'Business Inputs'!$B$7,0) -> 6 | E9: =B9+C9-D9 -> 241 | F9: =K8 -> 20445.901 | G9: =C9*'Business Inputs'!$B$4 -> 1190 | H9: =F9*'Business Inputs'!$B$8 -> 204.45901 | I9: =F9*'Business Inputs'!$B$9*-1 -> -81.783602 | J9: =F9*'Business Inputs'!$B$7*-1 -> -511.14752 | K9: =F9+G9+H9+I9+J9 -> 21247.429 | L9: =IF(E9=0,0,K9/E9) -> 88.163604 | M9: =K9*'Business Inputs'!$B$10 -> 17422.891 | N9: =M9-'Business Inputs'!$B$11-'Acquisition & Unit Economics'!$B$6 -> -48577.109
A10: Aug | B10: =E9 -> 241 | C10: ='Business Inputs'!$B$6 -> 14 | D10: =ROUND(B10*'Business Inputs'!$B$7,0) -> 6 | E10: =B10+C10-D10 -> 249 | F10: =K9 -> 21247.429 | G10: =C10*'Business Inputs'!$B$4 -> 1190 | H10: =F10*'Business Inputs'!$B$8 -> 212.47429 | I10: =F10*'Business Inputs'!$B$9*-1 -> -84.989714 | J10: =F10*'Business Inputs'!$B$7*-1 -> -531.18571 | K10: =F10+G10+H10+I10+J10 -> 22033.727 | L10: =IF(E10=0,0,K10/E10) -> 88.488865 | M10: =K10*'Business Inputs'!$B$10 -> 18067.656 | N10: =M10-'Business Inputs'!$B$11-'Acquisition & Unit Economics'!$B$6 -> -47932.344
A11: Sep | B11: =E10 -> 249 | C11: ='Business Inputs'!$B$6 -> 14 | D11: =ROUND(B11*'Business Inputs'!$B$7,0) -> 6 | E11: =B11+C11-D11 -> 257 | F11: =K10 -> 22033.727 | G11: =C11*'Business Inputs'!$B$4 -> 1190 | H11: =F11*'Business Inputs'!$B$8 -> 220.33727 | I11: =F11*'Business Inputs'!$B$9*-1 -> -88.134909 | J11: =F11*'Business Inputs'!$B$7*-1 -> -550.84318 | K11: =F11+G11+H11+I11+J11 -> 22805.087 | L11: =IF(E11=0,0,K11/E11) -> 88.735745 | M11: =K11*'Business Inputs'!$B$10 -> 18700.171 | N11: =M11-'Business Inputs'!$B$11-'Acquisition & Unit Economics'!$B$6 -> -47299.829
A12: Oct | B12: =E11 -> 257 | C12: ='Business Inputs'!$B$6 -> 14 | D12: =ROUND(B12*'Business Inputs'!$B$7,0) -> 6 | E12: =B12+C12-D12 -> 265 | F12: =K11 -> 22805.087 | G12: =C12*'Business Inputs'!$B$4 -> 1190 | H12: =F12*'Business Inputs'!$B$8 -> 228.05087 | I12: =F12*'Business Inputs'!$B$9*-1 -> -91.220346 | J12: =F12*'Business Inputs'!$B$7*-1 -> -570.12716 | K12: =F12+G12+H12+I12+J12 -> 23561.79 | L12: =IF(E12=0,0,K12/E12) -> 88.912415 | M12: =K12*'Business Inputs'!$B$10 -> 19320.668 | N12: =M12-'Business Inputs'!$B$11-'Acquisition & Unit Economics'!$B$6 -> -46679.332
A13: Nov | B13: =E12 -> 265 | C13: ='Business Inputs'!$B$6 -> 14 | D13: =ROUND(B13*'Business Inputs'!$B$7,0) -> 7 | E13: =B13+C13-D13 -> 272 | F13: =K12 -> 23561.79 | G13: =C13*'Business Inputs'!$B$4 -> 1190 | H13: =F13*'Business Inputs'!$B$8 -> 235.6179 | I13: =F13*'Business Inputs'!$B$9*-1 -> -94.24716 | J13: =F13*'Business Inputs'!$B$7*-1 -> -589.04475 | K13: =F13+G13+H13+I13+J13 -> 24304.116 | L13: =IF(E13=0,0,K13/E13) -> 89.353367 | M13: =K13*'Business Inputs'!$B$10 -> 19929.375 | N13: =M13-'Business Inputs'!$B$11-'Acquisition & Unit Economics'!$B$6 -> -46070.625
A14: Dec | B14: =E13 -> 272 | C14: ='Business Inputs'!$B$6 -> 14 | D14: =ROUND(B14*'Business Inputs'!$B$7,0) -> 7 | E14: =B14+C14-D14 -> 279 | F14: =K13 -> 24304.116 | G14: =C14*'Business Inputs'!$B$4 -> 1190 | H14: =F14*'Business Inputs'!$B$8 -> 243.04116 | I14: =F14*'Business Inputs'!$B$9*-1 -> -97.216464 | J14: =F14*'Business Inputs'!$B$7*-1 -> -607.6029 | K14: =F14+G14+H14+I14+J14 -> 25032.338 | L14: =IF(E14=0,0,K14/E14) -> 89.72164 | M14: =K14*'Business Inputs'!$B$10 -> 20526.517 | N14: =M14-'Business Inputs'!$B$11-'Acquisition & Unit Economics'!$B$6 -> -45473.483

Sheet Cohort Retention
A1: Cohort Retention
A2: Cohort | B2: New Customers | C2: Starting Cohort MRR | D2: Month 0 | E2: Month 1 | F2: Month 2 | G2: Month 3 | H2: Month 4 | I2: Month 5 | J2: Month 6 | K2: 6-Mo Gross Profit
A3: Jan | B3: ='Monthly MRR Bridge'!C3 -> 14 | C3: ='Monthly MRR Bridge'!G3 -> 1190 | D3: =B3 -> 14 | E3: =D3*(1-'Business Inputs'!$B$7) -> 13.65 | F3: =E3*(1-'Business Inputs'!$B$7) -> 13.30875 | G3: =F3*(1-'Business Inputs'!$B$7) -> 12.976031 | H3: =G3*(1-'Business Inputs'!$B$7) -> 12.65163 | I3: =H3*(1-'Business Inputs'!$B$7) -> 12.33534 | J3: =I3*(1-'Business Inputs'!$B$7) -> 12.026956 | K3: =SUM(D3:J3)*'Business Inputs'!$B$4*'Business Inputs'!$B$10 -> 6339.1249
A4: Feb | B4: ='Monthly MRR Bridge'!C4 -> 14 | C4: ='Monthly MRR Bridge'!G4 -> 1190 | D4: =B4 -> 14 | E4: =D4*(1-'Business Inputs'!$B$7) -> 13.65 | F4: =E4*(1-'Business Inputs'!$B$7) -> 13.30875 | G4: =F4*(1-'Business Inputs'!$B$7) -> 12.976031 | H4: =G4*(1-'Business Inputs'!$B$7) -> 12.65163 | I4: =H4*(1-'Business Inputs'!$B$7) -> 12.33534 | J4: =I4*(1-'Business Inputs'!$B$7) -> 12.026956 | K4: =SUM(D4:J4)*'Business Inputs'!$B$4*'Business Inputs'!$B$10 -> 6339.1249
A5: Mar | B5: ='Monthly MRR Bridge'!C5 -> 14 | C5: ='Monthly MRR Bridge'!G5 -> 1190 | D5: =B5 -> 14 | E5: =D5*(1-'Business Inputs'!$B$7) -> 13.65 | F5: =E5*(1-'Business Inputs'!$B$7) -> 13.30875 | G5: =F5*(1-'Business Inputs'!$B$7) -> 12.976031 | H5: =G5*(1-'Business Inputs'!$B$7) -> 12.65163 | I5: =H5*(1-'Business Inputs'!$B$7) -> 12.33534 | J5: =I5*(1-'Business Inputs'!$B$7) -> 12.026956 | K5: =SUM(D5:J5)*'Business Inputs'!$B$4*'Business Inputs'!$B$10 -> 6339.1249
A6: Apr | B6: ='Monthly MRR Bridge'!C6 -> 14 | C6: ='Monthly MRR Bridge'!G6 -> 1190 | D6: =B6 -> 14 | E6: =D6*(1-'Business Inputs'!$B$7) -> 13.65 | F6: =E6*(1-'Business Inputs'!$B$7) -> 13.30875 | G6: =F6*(1-'Business Inputs'!$B$7) -> 12.976031 | H6: =G6*(1-'Business Inputs'!$B$7) -> 12.65163 | I6: =H6*(1-'Business Inputs'!$B$7) -> 12.33534 | J6: =I6*(1-'Business Inputs'!$B$7) -> 12.026956 | K6: =SUM(D6:J6)*'Business Inputs'!$B$4*'Business Inputs'!$B$10 -> 6339.1249
A7: May | B7: ='Monthly MRR Bridge'!C7 -> 14 | C7: ='Monthly MRR Bridge'!G7 -> 1190 | D7: =B7 -> 14 | E7: =D7*(1-'Business Inputs'!$B$7) -> 13.65 | F7: =E7*(1-'Business Inputs'!$B$7) -> 13.30875 | G7: =F7*(1-'Business Inputs'!$B$7) -> 12.976031 | H7: =G7*(1-'Business Inputs'!$B$7) -> 12.65163 | I7: =H7*(1-'Business Inputs'!$B$7) -> 12.33534 | J7: =I7*(1-'Business Inputs'!$B$7) -> 12.026956 | K7: =SUM(D7:J7)*'Business Inputs'!$B$4*'Business Inputs'!$B$10 -> 6339.1249
A8: Jun | B8: ='Monthly MRR Bridge'!C8 -> 14 | C8: ='Monthly MRR Bridge'!G8 -> 1190 | D8: =B8 -> 14 | E8: =D8*(1-'Business Inputs'!$B$7) -> 13.65 | F8: =E8*(1-'Business Inputs'!$B$7) -> 13.30875 | G8: =F8*(1-'Business Inputs'!$B$7) -> 12.976031 | H8: =G8*(1-'Business Inputs'!$B$7) -> 12.65163 | I8: =H8*(1-'Business Inputs'!$B$7) -> 12.33534 | J8: =I8*(1-'Business Inputs'!$B$7) -> 12.026956 | K8: =SUM(D8:J8)*'Business Inputs'!$B$4*'Business Inputs'!$B$10 -> 6339.1249

Sheet Acquisition & Unit Economics
A1: Acquisition & Unit Economics
A2: Channel | B2: Spend | C2: New Customers | D2: CAC
A3: Paid Search | B3: 9000 | C3: 6 | D3: =IF(C3=0,0,B3/C3) -> 1500
A4: Review Sites | B4: 5000 | C4: 4 | D4: =IF(C4=0,0,B4/C4) -> 1250
A5: Partner Referrals | B5: 4000 | C5: 4 | D5: =IF(C5=0,0,B5/C5) -> 1000
A6: Total paid acquisition spend | B6: =SUM(B3:B5) -> 18000
A7: Total new customers | B7: =SUM(C3:C5) -> 14
A8: Blended CAC | B8: =IF(B7=0,0,B6/B7) -> 1285.7143
A10: Gross profit / customer / month | B10: ='Business Inputs'!B4*'Business Inputs'!B10 -> 69.7
A11: Customer lifetime (months) | B11: =IF('Business Inputs'!B7=0,0,1/'Business Inputs'!B7) -> 40
A12: Gross LTV | B12: =B10*B11 -> 2788
A13: CAC payback (months) | B13: =IF(B10=0,0,B8/B10) -> 18.446403
A14: SaaS quick ratio | B14: =IF(ABS('Monthly MRR Bridge'!I14+'Monthly MRR Bridge'!J14)=0,0,('Monthly MRR Bridge'!G14+'Monthly MRR Bridge'!H14)/ABS('Monthly MRR Bridge'!I14+'Monthly MRR Bridge'!J14)) -> 2.0332035

Sheet Snapshot & Scenarios
A2: Snapshot & Scenarios
A3: Now
A4: Starting MRR | B4: ='Business Inputs'!B5 -> 15300
A5: Ending MRR | B5: ='Monthly MRR Bridge'!K14 -> 25032.338
A6: Ending ARR | B6: ='Monthly MRR Bridge'!K14*12 -> 300388.05
A7: Ending customers | B7: ='Monthly MRR Bridge'!E14 -> 279
A8: Month 12 operating margin | B8: ='Monthly MRR Bridge'!N14 -> -45473.483
A11: Unit econ
A12: Blended CAC | B12: ='Acquisition & Unit Economics'!B8 -> 1285.7143
A13: Gross LTV | B13: ='Acquisition & Unit Economics'!B12 -> 2788
A14: CAC payback | B14: ='Acquisition & Unit Economics'!B13 -> 18.446403
A15: Quick ratio | B15: ='Acquisition & Unit Economics'!B14 -> 2.0332035
A18: Cases
A19: Case | B19: New Cust Mult | C19: Churn Mult | D19: Approx. Ending MRR | E19: Approx. Ending ARR
A20: Base | B20: 1 | C20: 1 | D20: ='Business Inputs'!$B$5*(1+((('Business Inputs'!$B$6*B20*'Business Inputs'!$B$4)+('Business Inputs'!$B$5*'Business Inputs'!$B$8)-('Business Inputs'!$B$5*'Business Inputs'!$B$9)-('Business Inputs'!$B$5*'Business Inputs'!$B$7*C20))/MAX(1,'Business Inputs'!$B$5)))^12 -> 30363.319 | E20: =D20*12 -> 364359.83
A21: Upside | B21: 1.2 | C21: 0.8 | D21: ='Business Inputs'!$B$5*(1+((('Business Inputs'!$B$6*B21*'Business Inputs'!$B$4)+('Business Inputs'!$B$5*'Business Inputs'!$B$8)-('Business Inputs'!$B$5*'Business Inputs'!$B$9)-('Business Inputs'!$B$5*'Business Inputs'!$B$7*C21))/MAX(1,'Business Inputs'!$B$5)))^12 -> 38243.577 | E21: =D21*12 -> 458922.93
A22: Downside | B22: 0.8 | C22: 1.2 | D22: ='Business Inputs'!$B$5*(1+((('Business Inputs'!$B$6*B22*'Business Inputs'!$B$4)+('Business Inputs'!$B$5*'Business Inputs'!$B$8)-('Business Inputs'!$B$5*'Business Inputs'!$B$9)-('Business Inputs'!$B$5*'Business Inputs'!$B$7*C22))/MAX(1,'Business Inputs'!$B$5)))^12 -> 23998.012 | E22: =D22*12 -> 287976.15
