Workbook

Sheet Source Info
A1: Data Sources
A2: Stock returns | B2: Yahoo Finance historical prices (converted to monthly returns).
A3: Risk-free rate | B3: FRED DGS3MO series (annualized, converted to monthly).
A4: Factor returns | B4: Kenneth French Data Library factors (Mkt-RF, SMB, HML, MOM).
A5: How to use | B5: Paste monthly data in the Data tab (yellow cells), then read results in Summary.
A8: Notes: Keep rows in one continuous block from top to bottom for clean regression output.

Sheet Data
A1: Date | B1: Stock Return | C1: Risk-Free Rate | D1: Mkt-RF | E1: SMB | F1: HML | G1: MOM
A2: 2019-01 | B2: 0.00152 | C2: 0.00141 | D2: 0.00132 | E2: 0.01855 | F2: -0.00081 | G2: -0.04741
A3: 2019-02 | B3: 0.02295 | C3: 0.00137 | D3: -0.00311 | E3: 0.0039 | F3: 0.00711 | G3: 0.04572
A4: 2019-03 | B4: 0.03755 | C4: 0.00156 | D4: -0.02501 | E4: -0.02437 | F4: 0.00742 | G4: 0.05089
A5: 2019-04 | B5: 0.00987 | C5: 0.00145 | D5: 0.02833 | E5: -0.03534 | F5: -0.00487 | G5: 0.02216
A6: 2019-05 | B6: 0.0473 | C6: 0.00138 | D6: 0.02182 | E6: 0.00721 | F6: 0.01921 | G6: -0.03396
A7: 2019-06 | B7: 0.03357 | C7: 0.00074 | D7: -0.10404 | E7: -0.01417 | F7: -0.01815 | G7: 0.03566
A8: 2019-07 | B8: 0.03789 | C8: 0.00089 | D8: 0.04159 | E8: -0.02406 | F8: 0.0001 | G8: -0.00529
A9: 2019-08 | B9: 0.01315 | C9: 0.00191 | D9: 0.03281 | E9: 0.00975 | F9: 0.0163 | G9: 0.02175
A10: 2019-09 | B10: -0.02021 | C10: 0.00114 | D10: -0.01374 | E10: 0.01348 | F10: -0.0035 | G10: 0.08675
A11: 2019-10 | B11: -0.02887 | C11: 0.00095 | D11: 0.03828 | E11: 0.03655 | F11: 0.01313 | G11: 0.03425
A12: 2019-11 | B12: 0.07219 | C12: 0.00145 | D12: -0.05376 | E12: -0.0123 | F12: 0.02296 | G12: -0.04553
A13: 2019-12 | B13: 0.00951 | C13: 0.00163 | D13: -0.00725 | E13: 0.01909 | F13: 0.01478 | G13: 0.08625
... A61: 2023-12 | B61: 0.03574 | C61: 0.00144 | D61: 0.03808 | E61: -0.00358 | F61: 0.02025 | G61: 0.02853
A124: Tip: Keep each series aligned by month. Blank months in the middle can skew results.

Sheet Calculations
A1: Date | B1: Excess Stock Return | C1: Active Return vs Mkt | E1: Regression Output
A2: =Data!A2 -> 2019-01 | B2: =IF(OR(Data!B2="",Data!C2=""),"",Data!B2-Data!C2) -> 0.00011 | C2: =IF(OR(B2="",Data!D2=""),"",B2-Data!D2) -> -0.00121 | F2: Alpha | G2: Mkt-RF Beta | H2: SMB Beta | I2: HML Beta | J2: MOM Beta
A3: =Data!A3 -> 2019-02 | B3: =IF(OR(Data!B3="",Data!C3=""),"",Data!B3-Data!C3) -> 0.02158 | C3: =IF(OR(B3="",Data!D3=""),"",B3-Data!D3) -> 0.02469 | E3: Coefficients | F3: =IFERROR(INDEX(LINEST($B$2:$B$61,Data!$D$2:$G$61,TRUE,TRUE),1,5),"") -> 0.017649304 | G3: =IFERROR(INDEX(LINEST($B$2:$B$61,Data!$D$2:$G$61,TRUE,TRUE),1,4),"") -> 0.046710849 | H3: =IFERROR(INDEX(LINEST($B$2:$B$61,Data!$D$2:$G$61,TRUE,TRUE),1,3),"") -> -0.10635115 | I3: =IFERROR(INDEX(LINEST($B$2:$B$61,Data!$D$2:$G$61,TRUE,TRUE),1,2),"") -> 0.2892548 | J3: =IFERROR(INDEX(LINEST($B$2:$B$61,Data!$D$2:$G$61,TRUE,TRUE),1,1),"") -> -0.27150101
A4: =Data!A4 -> 2019-03 | B4: =IF(OR(Data!B4="",Data!C4=""),"",Data!B4-Data!C4) -> 0.03599 | C4: =IF(OR(B4="",Data!D4=""),"",B4-Data!D4) -> 0.061 | E4: Std Errors | F4: =IFERROR(INDEX(LINEST($B$2:$B$61,Data!$D$2:$G$61,TRUE,TRUE),2,5),"") -> 0.0058540063 | G4: =IFERROR(INDEX(LINEST($B$2:$B$61,Data!$D$2:$G$61,TRUE,TRUE),2,4),"") -> 0.10707785 | H4: =IFERROR(INDEX(LINEST($B$2:$B$61,Data!$D$2:$G$61,TRUE,TRUE),2,3),"") -> 0.22216466 | I4: =IFERROR(INDEX(LINEST($B$2:$B$61,Data!$D$2:$G$61,TRUE,TRUE),2,2),"") -> 0.25006322 | J4: =IFERROR(INDEX(LINEST($B$2:$B$61,Data!$D$2:$G$61,TRUE,TRUE),2,1),"") -> 0.1583109
A5: =Data!A5 -> 2019-04 | B5: =IF(OR(Data!B5="",Data!C5=""),"",Data!B5-Data!C5) -> 0.00842 | C5: =IF(OR(B5="",Data!D5=""),"",B5-Data!D5) -> -0.01991 | E5: R-sq / SE of Y | F5: =IFERROR(INDEX(LINEST($B$2:$B$61,Data!$D$2:$G$61,TRUE,TRUE),3,1),"") -> 0.091970979 | G5: =IFERROR(INDEX(LINEST($B$2:$B$61,Data!$D$2:$G$61,TRUE,TRUE),3,2),"") -> 0.040535626
A6: =Data!A6 -> 2019-05 | B6: =IF(OR(Data!B6="",Data!C6=""),"",Data!B6-Data!C6) -> 0.04592 | C6: =IF(OR(B6="",Data!D6=""),"",B6-Data!D6) -> 0.0241 | E6: F-stat / df | F6: =IFERROR(INDEX(LINEST($B$2:$B$61,Data!$D$2:$G$61,TRUE,TRUE),4,1),"") -> 1.3926878 | G6: =IFERROR(INDEX(LINEST($B$2:$B$61,Data!$D$2:$G$61,TRUE,TRUE),4,2),"") -> 55
A7: =Data!A7 -> 2019-06 | B7: =IF(OR(Data!B7="",Data!C7=""),"",Data!B7-Data!C7) -> 0.03283 | C7: =IF(OR(B7="",Data!D7=""),"",B7-Data!D7) -> 0.13687 | E7: SS reg / SS resid | F7: =IFERROR(INDEX(LINEST($B$2:$B$61,Data!$D$2:$G$61,TRUE,TRUE),5,1),"") -> 0.0091535074 | G7: =IFERROR(INDEX(LINEST($B$2:$B$61,Data!$D$2:$G$61,TRUE,TRUE),5,2),"") -> 0.090372534
A8: =Data!A8 -> 2019-07 | B8: =IF(OR(Data!B8="",Data!C8=""),"",Data!B8-Data!C8) -> 0.037 | C8: =IF(OR(B8="",Data!D8=""),"",B8-Data!D8) -> -0.00459
A9: =Data!A9 -> 2019-08 | B9: =IF(OR(Data!B9="",Data!C9=""),"",Data!B9-Data!C9) -> 0.01124 | C9: =IF(OR(B9="",Data!D9=""),"",B9-Data!D9) -> -0.02157 | E9: Statistical Significance
A10: =Data!A10 -> 2019-09 | B10: =IF(OR(Data!B10="",Data!C10=""),"",Data!B10-Data!C10) -> -0.02135 | C10: =IF(OR(B10="",Data!D10=""),"",B10-Data!D10) -> -0.00761 | E10: t-statistic | F10: =IFERROR(F3/F4,"") -> 3.0149102 | G10: =IFERROR(G3/G4,"") -> 0.43623258 | H10: =IFERROR(H3/H4,"") -> -0.47870416 | I10: =IFERROR(I3/I4,"") -> 1.1567267 | J10: =IFERROR(J3/J4,"") -> -1.7149863
A11: =Data!A11 -> 2019-10 | B11: =IF(OR(Data!B11="",Data!C11=""),"",Data!B11-Data!C11) -> -0.02982 | C11: =IF(OR(B11="",Data!D11=""),"",B11-Data!D11) -> -0.0681 | E11: p-value | F11: =TDIST(ABS(F10),$G$6,2) -> 0.0038843288 | G11: =TDIST(ABS(G10),$G$6,2) -> 0.66437561 | H11: =TDIST(ABS(H10),$G$6,2) -> 0.63404674 | I11: =TDIST(ABS(I10),$G$6,2) -> 0.25238353 | J11: =TDIST(ABS(J10),$G$6,2) -> 0.091977557
A12: =Data!A12 -> 2019-11 | B12: =IF(OR(Data!B12="",Data!C12=""),"",Data!B12-Data!C12) -> 0.07074 | C12: =IF(OR(B12="",Data!D12=""),"",B12-Data!D12) -> 0.1245
A13: =Data!A13 -> 2019-12 | B13: =IF(OR(Data!B13="",Data!C13=""),"",Data!B13-Data!C13) -> 0.00788 | C13: =IF(OR(B13="",Data!D13=""),"",B13-Data!D13) -> 0.01513
A14: =Data!A14 -> 2020-01 | B14: =IF(OR(Data!B14="",Data!C14=""),"",Data!B14-Data!C14) -> 0.0347 | C14: =IF(OR(B14="",Data!D14=""),"",B14-Data!D14) -> 0.0523 | E14: Performance Metrics
A15: =Data!A15 -> 2020-02 | B15: =IF(OR(Data!B15="",Data!C15=""),"",Data!B15-Data!C15) -> 0.00297 | C15: =IF(OR(B15="",Data!D15=""),"",B15-Data!D15) -> 0.02736 | E15: Avg Monthly Excess Return | F15: =IFERROR(AVERAGE($B$2:$B$61),"") -> 0.016810667
A16: =Data!A16 -> 2020-03 | B16: =IF(OR(Data!B16="",Data!C16=""),"",Data!B16-Data!C16) -> -0.01926 | C16: =IF(OR(B16="",Data!D16=""),"",B16-Data!D16) -> -0.07539 | E16: Annualized Excess Return | F16: =IF(F15="","",F15*12) -> 0.201728
A17: =Data!A17 -> 2020-04 | B17: =IF(OR(Data!B17="",Data!C17=""),"",Data!B17-Data!C17) -> 0.05486 | C17: =IF(OR(B17="",Data!D17=""),"",B17-Data!D17) -> 0.03736 | E17: Annualized Std Dev | F17: =IFERROR(_xlfn.SINGLE(_xlfn.STDEV.S($B$2:$B$61))*SQRT(12),"") -> 0.14227644
A18: =Data!A18 -> 2020-05 | B18: =IF(OR(Data!B18="",Data!C18=""),"",Data!B18-Data!C18) -> 0.06172 | C18: =IF(OR(B18="",Data!D18=""),"",B18-Data!D18) -> -0.02631 | E18: Sharpe Ratio | F18: =IF(OR(F16="",F17=0),"",F16/F17) -> 1.4178595
A19: =Data!A19 -> 2020-06 | B19: =IF(OR(Data!B19="",Data!C19=""),"",Data!B19-Data!C19) -> -0.01617 | C19: =IF(OR(B19="",Data!D19=""),"",B19-Data!D19) -> -0.01583 | E19: Benchmark Return (ann.) | F19: =IFERROR((AVERAGE(Data!$D$2:$D$61)+AVERAGE(Data!$C$2:$C$61))*12,"") -> 0.12183
A20: =Data!A20 -> 2020-07 | B20: =IF(OR(Data!B20="",Data!C20=""),"",Data!B20-Data!C20) -> -0.10077 | C20: =IF(OR(B20="",Data!D20=""),"",B20-Data!D20) -> -0.13012 | E20: Active Return | F20: =IF(OR(F16="",F19=""),"",F16-F19) -> 0.079898
A21: =Data!A21 -> 2020-08 | B21: =IF(OR(Data!B21="",Data!C21=""),"",Data!B21-Data!C21) -> 0.08465 | C21: =IF(OR(B21="",Data!D21=""),"",B21-Data!D21) -> 0.09662 | E21: Tracking Error | F21: =IFERROR(_xlfn.SINGLE(_xlfn.STDEV.S($C$2:$C$61))*SQRT(12),"") -> 0.21442069
A22: =Data!A22 -> 2020-09 | B22: =IF(OR(Data!B22="",Data!C22=""),"",Data!B22-Data!C22) -> 0.01152 | C22: =IF(OR(B22="",Data!D22=""),"",B22-Data!D22) -> -0.00372 | E22: Information Ratio | F22: =IF(OR(F20="",F21=0),"",F20/F21) -> 0.37262263
A23: =Data!A23 -> 2020-10 | B23: =IF(OR(Data!B23="",Data!C23=""),"",Data!B23-Data!C23) -> 0.10911 | C23: =IF(OR(B23="",Data!D23=""),"",B23-Data!D23) -> 0.04575
A24: =Data!A24 -> 2020-11 | B24: =IF(OR(Data!B24="",Data!C24=""),"",Data!B24-Data!C24) -> 0.0859 | C24: =IF(OR(B24="",Data!D24=""),"",B24-Data!D24) -> 0.03829
A25: =Data!A25 -> 2020-12 | B25: =IF(OR(Data!B25="",Data!C25=""),"",Data!B25-Data!C25) -> 0.0091 | C25: =IF(OR(B25="",Data!D25=""),"",B25-Data!D25) -> 0.05552
A26: =Data!A26 -> 2021-01 | B26: =IF(OR(Data!B26="",Data!C26=""),"",Data!B26-Data!C26) -> -0.02116 | C26: =IF(OR(B26="",Data!D26=""),"",B26-Data!D26) -> 0.03874
A27: =Data!A27 -> 2021-02 | B27: =IF(OR(Data!B27="",Data!C27=""),"",Data!B27-Data!C27) -> 0.07168 | C27: =IF(OR(B27="",Data!D27=""),"",B27-Data!D27) -> 0.1126
A28: =Data!A28 -> 2021-03 | B28: =IF(OR(Data!B28="",Data!C28=""),"",Data!B28-Data!C28) -> -0.02558 | C28: =IF(OR(B28="",Data!D28=""),"",B28-Data!D28) -> -0.03527
A29: =Data!A29 -> 2021-04 | B29: =IF(OR(Data!B29="",Data!C29=""),"",Data!B29-Data!C29) -> 0.01831 | C29: =IF(OR(B29="",Data!D29=""),"",B29-Data!D29) -> 0.00207
A30: =Data!A30 -> 2021-05 | B30: =IF(OR(Data!B30="",Data!C30=""),"",Data!B30-Data!C30) -> 0.01158 | C30: =IF(OR(B30="",Data!D30=""),"",B30-Data!D30) -> -0.04464
A31: =Data!A31 -> 2021-06 | B31: =IF(OR(Data!B31="",Data!C31=""),"",Data!B31-Data!C31) -> 0.01714 | C31: =IF(OR(B31="",Data!D31=""),"",B31-Data!D31) -> -0.02545
A32: =Data!A32 -> 2021-07 | B32: =IF(OR(Data!B32="",Data!C32=""),"",Data!B32-Data!C32) -> -0.00158 | C32: =IF(OR(B32="",Data!D32=""),"",B32-Data!D32) -> -0.0266
A33: =Data!A33 -> 2021-08 | B33: =IF(OR(Data!B33="",Data!C33=""),"",Data!B33-Data!C33) -> 0.02875 | C33: =IF(OR(B33="",Data!D33=""),"",B33-Data!D33) -> 0.00594
A34: =Data!A34 -> 2021-09 | B34: =IF(OR(Data!B34="",Data!C34=""),"",Data!B34-Data!C34) -> 0.00549 | C34: =IF(OR(B34="",Data!D34=""),"",B34-Data!D34) -> 0.07771
... A61: =Data!A61 -> 2023-12 | B61: =IF(OR(Data!B61="",Data!C61=""),"",Data!B61-Data!C61) -> 0.0343 | C61: =IF(OR(B61="",Data!D61=""),"",B61-Data!D61) -> -0.00378

Sheet Summary
A2: Factor Exposure Summary
A4: Factor | B4: Exposure | C4: p-value
A5: Market Beta | B5: =Calculations!G3 -> 0.046710849 | C5: =Calculations!G11 -> 0.66437561
A6: Size Beta (SMB) | B6: =Calculations!H3 -> -0.10635115 | C6: =Calculations!H11 -> 0.63404674
A7: Value Beta (HML) | B7: =Calculations!I3 -> 0.2892548 | C7: =Calculations!I11 -> 0.25238353
A8: Momentum Beta | B8: =Calculations!J3 -> -0.27150101 | C8: =Calculations!J11 -> 0.091977557
A9: Alpha (monthly) | B9: =Calculations!F3 -> 0.017649304 | C9: =Calculations!F11 -> 0.0038843288
A11: Model Fit
A12: R-Squared | B12: =Calculations!F5 -> 0.091970979
A14: Performance
A15: Sharpe Ratio | B15: =Calculations!F18 -> 1.4178595
A16: Information Ratio | B16: =Calculations!F22 -> 0.37262263
A17: Active Return | B17: =Calculations!F20 -> 0.079898
A19: Read this first: p-values under 0.05 are often treated as statistically significant.
