Workbook

Sheet Price History
A1: Monthly Contribution | B1: 500 | D1: Price check
A2: Start Date | B2: 45322 | D2: Months Loaded | E2: =COUNTA(A7:A30) -> 24
A3: End Date | B3: 46022 | D3: Average Price | E3: =AVERAGE(B7:B30) -> 112.04167
D4: Price Range | E4: =MAX(B7:B30)-MIN(B7:B30) -> 40
A6: Date | B6: Price
A7: 45322 | B7: 102
A8: 45351 | B8: 97
A9: 45382 | B9: 94
A10: 45412 | B10: 99
A11: 45443 | B11: 104
A12: 45473 | B12: 108
A13: 45504 | B13: 111
A14: 45535 | B14: 109
A15: 45565 | B15: 105
A16: 45596 | B16: 101
A17: 45626 | B17: 98
A18: 45657 | B18: 103
... A30: 46022 | B30: 134

Sheet DCA Schedule
A1: Date | B1: Price | C1: Contribution | D1: Shares Bought | E1: Cumulative Shares | F1: Total Invested | G1: Average Cost | H1: Portfolio Value | I1: Gain / Loss
A2: ='Price History'!A7 -> 45322 | B2: ='Price History'!B7 -> 102 | C2: ='Price History'!$B$1 -> 500 | D2: =C2/B2 -> 4.9019608 | E2: =D2 -> 4.9019608 | F2: =C2 -> 500 | G2: =IF(E2=0,0,F2/E2) -> 102 | H2: =E2*B2 -> 500 | I2: =H2-F2 -> 0
A3: ='Price History'!A8 -> 45351 | B3: ='Price History'!B8 -> 97 | C3: ='Price History'!$B$1 -> 500 | D3: =C3/B3 -> 5.1546392 | E3: =E2+D3 -> 10.0566 | F3: =F2+C3 -> 1000 | G3: =IF(E3=0,0,F3/E3) -> 99.437186 | H3: =E3*B3 -> 975.4902 | I3: =H3-F3 -> -24.509804
A4: ='Price History'!A9 -> 45382 | B4: ='Price History'!B9 -> 94 | C4: ='Price History'!$B$1 -> 500 | D4: =C4/B4 -> 5.3191489 | E4: =E3+D4 -> 15.375749 | F4: =F3+C4 -> 1500 | G4: =IF(E4=0,0,F4/E4) -> 97.556224 | H4: =E4*B4 -> 1445.3204 | I4: =H4-F4 -> -54.679604
A5: ='Price History'!A10 -> 45412 | B5: ='Price History'!B10 -> 99 | C5: ='Price History'!$B$1 -> 500 | D5: =C5/B5 -> 5.0505051 | E5: =E4+D5 -> 20.426254 | F5: =F4+C5 -> 2000 | G5: =IF(E5=0,0,F5/E5) -> 97.913205 | H5: =E5*B5 -> 2022.1991 | I5: =H5-F5 -> 22.199141
A6: ='Price History'!A11 -> 45443 | B6: ='Price History'!B11 -> 104 | C6: ='Price History'!$B$1 -> 500 | D6: =C6/B6 -> 4.8076923 | E6: =E5+D6 -> 25.233946 | F6: =F5+C6 -> 2500 | G6: =IF(E6=0,0,F6/E6) -> 99.072891 | H6: =E6*B6 -> 2624.3304 | I6: =H6-F6 -> 124.33041
A7: ='Price History'!A12 -> 45473 | B7: ='Price History'!B12 -> 108 | C7: ='Price History'!$B$1 -> 500 | D7: =C7/B7 -> 4.6296296 | E7: =E6+D7 -> 29.863576 | F7: =F6+C7 -> 3000 | G7: =IF(E7=0,0,F7/E7) -> 100.45682 | H7: =E7*B7 -> 3225.2662 | I7: =H7-F7 -> 225.2662
A8: ='Price History'!A13 -> 45504 | B8: ='Price History'!B13 -> 111 | C8: ='Price History'!$B$1 -> 500 | D8: =C8/B8 -> 4.5045045 | E8: =E7+D8 -> 34.36808 | F8: =F7+C8 -> 3500 | G8: =IF(E8=0,0,F8/E8) -> 101.83868 | H8: =E8*B8 -> 3814.8569 | I8: =H8-F8 -> 314.85692
A9: ='Price History'!A14 -> 45535 | B9: ='Price History'!B14 -> 109 | C9: ='Price History'!$B$1 -> 500 | D9: =C9/B9 -> 4.587156 | E9: =E8+D9 -> 38.955236 | F9: =F8+C9 -> 4000 | G9: =IF(E9=0,0,F9/E9) -> 102.68196 | H9: =E9*B9 -> 4246.1208 | I9: =H9-F9 -> 246.12076
A10: ='Price History'!A15 -> 45565 | B10: ='Price History'!B15 -> 105 | C10: ='Price History'!$B$1 -> 500 | D10: =C10/B10 -> 4.7619048 | E10: =E9+D10 -> 43.717141 | F10: =F9+C10 -> 4500 | G10: =IF(E10=0,0,F10/E10) -> 102.93445 | H10: =E10*B10 -> 4590.2998 | I10: =H10-F10 -> 90.299817
A11: ='Price History'!A16 -> 45596 | B11: ='Price History'!B16 -> 101 | C11: ='Price History'!$B$1 -> 500 | D11: =C11/B11 -> 4.950495 | E11: =E10+D11 -> 48.667636 | F11: =F10+C11 -> 5000 | G11: =IF(E11=0,0,F11/E11) -> 102.73768 | H11: =E11*B11 -> 4915.4313 | I11: =H11-F11 -> -84.568748
A12: ='Price History'!A17 -> 45626 | B12: ='Price History'!B17 -> 98 | C12: ='Price History'!$B$1 -> 500 | D12: =C12/B12 -> 5.1020408 | E12: =E11+D12 -> 53.769677 | F12: =F11+C12 -> 5500 | G12: =IF(E12=0,0,F12/E12) -> 102.28814 | H12: =E12*B12 -> 5269.4283 | I12: =H12-F12 -> -230.57166
A13: ='Price History'!A18 -> 45657 | B13: ='Price History'!B18 -> 103 | C13: ='Price History'!$B$1 -> 500 | D13: =C13/B13 -> 4.8543689 | E13: =E12+D13 -> 58.624046 | F13: =F12+C13 -> 6000 | G13: =IF(E13=0,0,F13/E13) -> 102.34708 | H13: =E13*B13 -> 6038.2767 | I13: =H13-F13 -> 38.276729
A14: ='Price History'!A19 -> 45688 | B14: ='Price History'!B19 -> 107 | C14: ='Price History'!$B$1 -> 500 | D14: =C14/B14 -> 4.6728972 | E14: =E13+D14 -> 63.296943 | F14: =F13+C14 -> 6500 | G14: =IF(E14=0,0,F14/E14) -> 102.69058 | H14: =E14*B14 -> 6772.7729 | I14: =H14-F14 -> 272.77291
... A25: ='Price History'!A30 -> 46022 | B25: ='Price History'!B30 -> 134 | C25: ='Price History'!$B$1 -> 500 | D25: =C25/B25 -> 3.7313433 | E25: =E24+D25 -> 108.22245 | F25: =F24+C25 -> 12000 | G25: =IF(E25=0,0,F25/E25) -> 110.88272 | H25: =E25*B25 -> 14501.809 | I25: =H25-F25 -> 2501.809

Sheet Lump Sum Comparison
A1: Date | B1: Price | C1: Lump Sum Invested | D1: Shares Owned | E1: Portfolio Value | F1: Gain / Loss
A2: ='Price History'!A7 -> 45322 | B2: ='Price History'!B7 -> 102 | C2: ='Price History'!$B$1*24 -> 12000 | D2: =$C$2/$B$2 -> 117.64706 | E2: =D2*B2 -> 12000 | F2: =E2-C2 -> 0
A3: ='Price History'!A8 -> 45351 | B3: ='Price History'!B8 -> 97 | C3: ='Price History'!$B$1*24 -> 12000 | D3: =$C$2/$B$2 -> 117.64706 | E3: =D3*B3 -> 11411.765 | F3: =E3-C3 -> -588.23529
A4: ='Price History'!A9 -> 45382 | B4: ='Price History'!B9 -> 94 | C4: ='Price History'!$B$1*24 -> 12000 | D4: =$C$2/$B$2 -> 117.64706 | E4: =D4*B4 -> 11058.824 | F4: =E4-C4 -> -941.17647
A5: ='Price History'!A10 -> 45412 | B5: ='Price History'!B10 -> 99 | C5: ='Price History'!$B$1*24 -> 12000 | D5: =$C$2/$B$2 -> 117.64706 | E5: =D5*B5 -> 11647.059 | F5: =E5-C5 -> -352.94118
A6: ='Price History'!A11 -> 45443 | B6: ='Price History'!B11 -> 104 | C6: ='Price History'!$B$1*24 -> 12000 | D6: =$C$2/$B$2 -> 117.64706 | E6: =D6*B6 -> 12235.294 | F6: =E6-C6 -> 235.29412
A7: ='Price History'!A12 -> 45473 | B7: ='Price History'!B12 -> 108 | C7: ='Price History'!$B$1*24 -> 12000 | D7: =$C$2/$B$2 -> 117.64706 | E7: =D7*B7 -> 12705.882 | F7: =E7-C7 -> 705.88235
A8: ='Price History'!A13 -> 45504 | B8: ='Price History'!B13 -> 111 | C8: ='Price History'!$B$1*24 -> 12000 | D8: =$C$2/$B$2 -> 117.64706 | E8: =D8*B8 -> 13058.824 | F8: =E8-C8 -> 1058.8235
A9: ='Price History'!A14 -> 45535 | B9: ='Price History'!B14 -> 109 | C9: ='Price History'!$B$1*24 -> 12000 | D9: =$C$2/$B$2 -> 117.64706 | E9: =D9*B9 -> 12823.529 | F9: =E9-C9 -> 823.52941
A10: ='Price History'!A15 -> 45565 | B10: ='Price History'!B15 -> 105 | C10: ='Price History'!$B$1*24 -> 12000 | D10: =$C$2/$B$2 -> 117.64706 | E10: =D10*B10 -> 12352.941 | F10: =E10-C10 -> 352.94118
A11: ='Price History'!A16 -> 45596 | B11: ='Price History'!B16 -> 101 | C11: ='Price History'!$B$1*24 -> 12000 | D11: =$C$2/$B$2 -> 117.64706 | E11: =D11*B11 -> 11882.353 | F11: =E11-C11 -> -117.64706
A12: ='Price History'!A17 -> 45626 | B12: ='Price History'!B17 -> 98 | C12: ='Price History'!$B$1*24 -> 12000 | D12: =$C$2/$B$2 -> 117.64706 | E12: =D12*B12 -> 11529.412 | F12: =E12-C12 -> -470.58824
A13: ='Price History'!A18 -> 45657 | B13: ='Price History'!B18 -> 103 | C13: ='Price History'!$B$1*24 -> 12000 | D13: =$C$2/$B$2 -> 117.64706 | E13: =D13*B13 -> 12117.647 | F13: =E13-C13 -> 117.64706
... A25: ='Price History'!A30 -> 46022 | B25: ='Price History'!B30 -> 134 | C25: ='Price History'!$B$1*24 -> 12000 | D25: =$C$2/$B$2 -> 117.64706 | E25: =D25*B25 -> 15764.706 | F25: =E25-C25 -> 3764.7059

Sheet Outcome Summary
A1: Total invested | B1: ='DCA Schedule'!F25 -> 12000
A2: Ending value - DCA | B2: ='DCA Schedule'!H25 -> 14501.809
A3: Ending value - Lump Sum | B3: ='Lump Sum Comparison'!E25 -> 15764.706
A4: Ending gain - DCA | B4: ='DCA Schedule'!I25 -> 2501.809
A5: Ending gain - Lump Sum | B5: ='Lump Sum Comparison'!F25 -> 3764.7059
A6: DCA average cost | B6: ='DCA Schedule'!G25 -> 110.88272
A7: Lump sum entry price | B7: ='Lump Sum Comparison'!B2 -> 102
A10: What stands out
A11: Cheapest month | B11: =INDEX('Price History'!A7:A30,MATCH(MIN('Price History'!B7:B30),'Price History'!B7:B30,0)) -> 45382
A12: Roughest month | B12: =INDEX('Price History'!A7:A30,MATCH(MIN('DCA Schedule'!I2:I25),'DCA Schedule'!I2:I25,0)) -> 45626
A13: Higher ending value | B13: =IF(B3>B2,"Lump Sum","DCA") -> Lump Sum
